Name,Club,Position,Nationality,Age,Goals,Shots on target,Clean sheets,Tackles,Blocked shots,Interceptions,Clearances,Duels won,Aerial battles won,Assists,Passes,Big chances created,Through balls,Accurate long balls,Saves
Bernd Leno,Arsenal,Goalkeeper,Germany,28,0,0,14,0,0,0,0,0,0,0,1783,0,0,234,222
Matt Macey,Arsenal,Goalkeeper,England,26,0,0,0,0,0,0,0,0,0,0,0,0,0,0,0
R?nar Alex R?narsson,Arsenal,Goalkeeper,Iceland,25,0,0,0,0,0,0,0,0,0,0,0,0,0,0,0
H?ctor Beller?n,Arsenal,Defender,Spain,25,7,0,53,214,32,208,304,611,161,18,7125,28,31,144,0
Kieran Tierney,Arsenal,Defender,Scotland,23,1,0,2,21,1,12,32,55,10,1,519,1,0,22,0
William Saliba,Arsenal,Defender,France,19,0,0,0,0,0,0,0,0,0,0,0,0,0,0,0
Sokratis,Arsenal,Defender,Greece,32,3,0,9,67,4,43,175,227,115,2,2416,4,2,172,0
Rob Holding,Arsenal,Defender,England,25,0,0,10,50,3,54,170,176,96,0,2200,0,1,116,0
Shkodran Mustafi,Arsenal,Defender,Germany,28,7,0,26,197,14,195,531,670,413,4,5907,5,13,273,0
Calum Chambers,Arsenal,Defender,England,25,6,0,28,257,22,247,537,703,301,3,5935,9,4,304,0
David Luiz,Arsenal,Defender,Brazil,33,13,0,64,240,59,344,832,846,344,7,10165,22,79,980,0
Sead Kolasinac,Arsenal,Defender,Bosnia And Herzegovina,27,2,0,17,112,11,72,111,284,97,11,3201,18,3,67,0
Gabriel Magalh?es,Arsenal,Defender,Brazil,22,1,0,1,2,0,2,8,8,4,0,197,0,0,6,0
Mesut ?zil,Arsenal,Midfielder,Germany,31,33,92,0,161,58,75,37,625,28,54,11186,65,121,276,0
Lucas Torreira,Arsenal,Midfielder,Uruguay,24,3,12,0,96,10,75,53,276,32,3,2493,3,4,94,0
Ainsley Maitland-Niles,Arsenal,Midfielder,England,23,1,4,0,101,3,62,66,218,29,3,1867,4,2,74,0
Mohamed Elneny,Arsenal,Midfielder,Egypt,28,0,5,0,57,22,41,41,109,18,3,2532,2,4,83,0
Joseph Willock,Arsenal,Midfielder,England,21,1,5,0,30,4,6,10,75,9,1,398,1,3,15,0
Matteo Guendouzi,Arsenal,Midfielder,France,21,0,9,0,75,11,59,58,263,31,1,2750,4,16,148,0
Emile Smith Rowe,Arsenal,Midfielder,England,20,0,0,0,1,0,1,2,4,0,0,35,0,0,0,0
Granit Xhaka,Arsenal,Midfielder,Switzerland,27,8,41,0,254,40,133,208,650,181,13,9739,12,35,673,0
Bukayo Saka,Arsenal,Midfielder,England,19,1,4,0,36,5,12,12,0,0,5,716,6,0,0,0
Dani Ceballos,Arsenal,Midfielder,Spain,24,0,3,0,49,6,37,14,127,12,3,1372,2,7,81,0
Alexandre Lacazette,Arsenal,Forward,France,29,39,93,0,92,44,30,49,0,0,16,2045,15,0,0,0
Pierre-Emerick Aubameyang,Arsenal,Forward,Gabon,31,55,105,0,58,52,25,38,0,0,13,1880,17,0,0,0
Nicolas P?p?,Arsenal,Forward,Cote D'Ivoire,25,5,18,0,32,14,8,4,0,0,6,723,8,0,0,0
Reiss Nelson,Arsenal,Forward,England,20,1,4,0,15,5,6,2,0,0,0,286,0,0,0,0
Eddie Nketiah,Arsenal,Forward,England,21,4,8,0,9,4,2,6,0,0,0,172,1,0,0,0
Gabriel Martinelli,Arsenal,Forward,Brazil,19,3,5,0,20,2,3,5,46,8,0,116,0,1,2,0
Willian,Arsenal,Forward,Brazil,32,37,145,0,246,111,100,54,0,0,35,8290,51,0,0,0
Tom Heaton,Aston-Villa,Goalkeeper,England,34,0,0,28,0,0,0,0,0,0,0,3290,0,0,1067,408
Jed Steer,Aston-Villa,Goalkeeper,England,28,0,0,0,0,0,0,0,0,0,0,32,0,0,6,2
?rjan Nyland,Aston-Villa,Goalkeeper,Norway,30,0,0,1,0,0,0,0,0,0,0,152,0,0,35,15
Lovre Kalinic,Aston-Villa,Goalkeeper,Croatia,30,0,0,0,0,0,0,0,0,0,0,0,0,0,0,0
Emiliano Mart?nez,Aston-Villa,Goalkeeper,Argentina,28,0,0,7,0,0,0,0,0,0,0,397,0,0,62,44
Neil Taylor,Aston-Villa,Defender,Wales,31,0,0,38,266,14,241,350,493,94,5,5491,6,5,214,0
Ezri Konsa Ngoyo,Aston-Villa,Defender,England,22,2,0,5,19,3,27,70,116,56,2,810,2,0,36,0
Matt Targett,Aston-Villa,Defender,England,25,2,0,12,122,8,124,156,274,84,6,2240,13,8,140,0
Bj?rn Engels,Aston-Villa,Defender,Belgium,26,1,0,2,11,0,28,85,71,55,0,647,0,0,49,0
Fr?d?ric Guilbert,Aston-Villa,Defender,France,25,0,0,2,74,2,49,62,164,48,2,749,1,0,40,0
Ahmed El Mohamady,Aston-Villa,Defender,Egypt,33,6,0,28,267,19,246,342,960,444,13,6628,19,7,304,0
Kortney Hause,Aston-Villa,Defender,England,25,1,3,0,21,2,20,94,138,100,0,799,1,1,62,0
Tyrone Mings,Aston-Villa,Defender,England,27,2,0,7,30,1,49,253,162,96,3,1961,2,0,155,0
Matthew Cash,Aston-Villa,Defender,England,23,0,0,1,1,2,2,4,1,0,0,56,0,0,3,0
Douglas Luiz,Aston-Villa,Midfielder,Brazil,22,3,13,0,46,17,36,47,150,31,2,1300,3,4,100,0
John McGinn,Aston-Villa,Midfielder,Scotland,25,3,20,0,53,12,26,15,193,19,3,759,3,3,85,0
Henri Lansbury,Aston-Villa,Midfielder,England,29,0,0,0,7,1,1,2,10,2,0,115,0,0,11,0
Jack Grealish,Aston-Villa,Midfielder,England,25,9,32,0,45,33,44,17,419,29,7,2098,12,2,103,0
Marvelous Nakamba,Aston-Villa,Midfielder,Zimbabwe,26,0,1,0,55,0,39,32,115,23,0,782,0,0,24,0
Conor Hourihane,Aston-Villa,Midfielder,Ireland,29,3,10,0,16,13,9,27,54,14,5,665,8,1,22,0
Tr?z?guet,Aston-Villa,Midfielder,Egypt,25,6,17,0,40,22,27,14,134,32,1,388,0,0,10,0
Anwar El Ghazi,Aston-Villa,Midfielder,Netherlands,25,4,20,0,20,11,13,12,97,31,4,479,4,1,15,0
Jota,Aston-Villa,Midfielder,Spain,29,0,1,0,3,4,3,5,13,1,1,93,1,2,6,0
Jacob Ramsey,Aston-Villa,Midfielder,England,19,0,0,0,0,0,0,0,0,0,0,0,0,0,0,0
Wesley,Aston-Villa,Forward,Brazil,23,5,18,0,15,8,4,23,0,0,1,367,1,0,0,0
Keinan Davis,Aston-Villa,Forward,England,22,0,5,0,1,2,0,4,0,0,0,149,0,0,0,0
Ollie Watkins,Aston-Villa,Forward,England,24,0,0,0,0,1,0,0,0,0,0,19,0,0,0,0
Bertrand Traor?,Aston-Villa,Forward,Burkina Faso,25,2,6,0,9,7,2,3,0,0,1,136,1,0,0,0
Mat Ryan,Brighton-and-Hove-Albion,Goalkeeper,Australia,28,0,0,26,0,0,0,0,0,0,0,3272,0,0,964,340
Jason Steele,Brighton-and-Hove-Albion,Goalkeeper,England,30,0,0,0,0,0,0,0,0,0,0,0,0,0,0,0
Christian Walton,Brighton-and-Hove-Albion,Goalkeeper,England,24,0,0,0,0,0,0,0,0,0,0,0,0,0,0,0
Robert S?nchez,Brighton-and-Hove-Albion,Goalkeeper,Spain,22,0,0,0,0,0,0,0,0,0,0,0,0,0,0,0
Ben White,Brighton-and-Hove-Albion,Defender,England,22,0,0,1,2,0,2,2,8,4,0,101,0,0,4,0
Tariq Lamptey,Brighton-and-Hove-Albion,Defender,England,19,0,0,1,12,2,23,16,57,5,2,243,4,0,3,0
Lewis Dunk,Brighton-and-Hove-Albion,Defender,England,28,6,0,27,151,16,173,547,560,345,5,5364,3,6,506,0
Adam Webster,Brighton-and-Hove-Albion,Defender,England,25,3,0,6,33,3,48,112,179,114,1,2001,2,1,120,0
Bernardo,Brighton-and-Hove-Albion,Defender,Brazil,25,0,0,2,89,5,40,86,212,75,1,1115,3,0,35,0
Dan Burn,Brighton-and-Hove-Albion,Defender,England,28,0,0,9,73,5,51,203,270,165,0,1792,2,3,62,0
Jo?l Veltman,Brighton-and-Hove-Albion,Defender,Netherlands,28,0,0,0,0,0,0,0,0,0,0,0,0,0,0,0
Romaric Yapi,Brighton-and-Hove-Albion,Defender,France,20,0,0,0,0,0,0,0,0,0,0,0,0,0,0,0
Alex Cochrane,Brighton-and-Hove-Albion,Defender,England,20,0,0,0,0,0,0,0,0,0,0,0,0,0,0,0
Haydon Roberts,Brighton-and-Hove-Albion,Defender,England,18,0,0,0,0,0,0,0,0,0,0,0,0,0,0,0
Dale Stephens,Brighton-and-Hove-Albion,Midfielder,England,31,1,5,0,261,16,167,152,402,73,5,4785,4,7,381,0
Yves Bissouma,Brighton-and-Hove-Albion,Midfielder,Mali,24,1,10,0,115,11,57,48,285,48,0,1441,1,6,74,0
Alexis Mac Allister,Brighton-and-Hove-Albion,Midfielder,Argentina,21,0,1,0,9,3,1,1,17,3,0,98,0,0,2,0
Pascal Gro?,Brighton-and-Hove-Albion,Midfielder,Germany,29,12,38,0,101,29,37,48,216,49,15,2937,35,17,166,0
Adam Lallana,Brighton-and-Hove-Albion,Midfielder,England,32,30,96,0,322,91,166,126,886,120,28,6407,25,47,146,0
Solly March,Brighton-and-Hove-Albion,Midfielder,England,26,2,26,0,140,31,62,66,372,52,7,1971,13,3,100,0
Davy Pr?pper,Brighton-and-Hove-Albion,Midfielder,Netherlands,29,2,15,0,187,22,151,134,456,112,7,4384,7,7,258,0
Steven Alzate,Brighton-and-Hove-Albion,Midfielder,Colombia,22,0,4,0,34,7,15,13,0,0,0,681,0,0,0,0
Max Sanders,Brighton-and-Hove-Albion,Midfielder,England,21,0,0,0,0,0,0,0,0,0,0,0,0,0,0,0
Jayson Molumby,Brighton-and-Hove-Albion,Midfielder,Ireland,21,0,0,0,0,0,0,0,0,0,0,0,0,0,0,0
Lars Dendoncker,Brighton-and-Hove-Albion,Midfielder,Belgium,19,0,0,0,0,0,0,0,0,0,0,0,0,0,0,0
Peter Gwargis,Brighton-and-Hove-Albion,Midfielder,Sweden,20,0,0,0,0,0,0,0,0,0,0,0,0,0,0,0
Leandro Trossard,Brighton-and-Hove-Albion,Forward,Belgium,25,6,14,0,23,8,11,6,0,0,4,772,7,0,0,0
Neal Maupay,Brighton-and-Hove-Albion,Forward,France,24,12,41,0,21,31,5,9,0,0,4,710,3,0,0,0
Alireza Jahanbakhsh,Brighton-and-Hove-Albion,Forward,Iran,27,2,8,0,41,10,14,3,0,0,0,401,2,0,0,0
Jos? Izquierdo,Brighton-and-Hove-Albion,Forward,Colombia,28,5,19,0,38,19,21,32,0,0,4,728,4,0,0,0
Aaron Connolly,Brighton-and-Hove-Albion,Forward,Ireland,20,4,16,0,8,14,0,3,0,0,1,161,1,0,0,0
Florin Andone,Brighton-and-Hove-Albion,Forward,Romania,27,4,9,0,11,6,3,13,0,0,0,177,0,0,0,0
Viktor Gy?keres,Brighton-and-Hove-Albion,Forward,Sweden,22,0,0,0,0,0,0,0,0,0,0,0,0,0,0,0
Nick Pope,Burnley,Goalkeeper,England,28,0,0,26,0,0,0,0,0,0,0,2124,0,0,647,237
Bailey Peacock-Farrell,Burnley,Goalkeeper,Northern Ireland,23,0,0,0,0,0,0,0,0,0,0,0,0,0,0,0
Will Norris,Burnley,Goalkeeper,England,27,0,0,0,0,0,0,0,0,0,0,0,0,0,0,0
Matthew Lowton,Burnley,Defender,England,31,2,0,36,415,6,317,697,796,198,12,5463,18,19,466,0
Charlie Taylor,Burnley,Defender,England,27,0,0,19,111,1,86,186,411,144,2,2249,3,0,134,0
James Tarkowski,Burnley,Defender,England,27,5,0,34,202,13,166,691,861,540,3,3839,7,0,355,0
Ben Mee,Burnley,Defender,England,31,4,0,47,240,13,260,1082,986,609,4,6088,7,1,634,0
Erik Pieters,Burnley,Defender,Netherlands,32,1,0,44,538,11,354,620,1142,324,11,6880,17,5,308,0
Phil Bardsley,Burnley,Defender,Scotland,35,7,0,67,728,56,423,1081,1395,302,5,9247,17,19,584,0
Kevin Long,Burnley,Defender,Ireland,30,1,0,7,63,6,34,214,236,139,3,1038,4,0,104,0
Jimmy Dunne,Burnley,Defender,Ireland,22,1,0,0,0,0,2,8,9,7,0,25,0,0,2,0
Bobby Thomas,Burnley,Defender,England,19,0,0,0,0,0,0,0,0,0,0,0,0,0,0,0
Anthony Driscoll-Glennon,Burnley,Defender,England,20,0,0,0,0,0,0,0,0,0,0,0,0,0,0,0
Jack Cork,Burnley,Midfielder,England,31,8,42,0,466,43,400,477,1312,393,9,11059,11,34,591,0
J?hann Gudmundsson,Burnley,Midfielder,Iceland,29,7,37,0,93,32,91,90,313,93,17,1750,12,3,82,0
Josh Brownhill,Burnley,Midfielder,England,24,0,0,0,15,3,19,17,52,21,0,368,0,0,10,0
Dwight McNeil,Burnley,Midfielder,England,20,5,20,0,83,25,43,59,0,0,12,1509,17,0,0,0
Robbie Brady,Burnley,Midfielder,Ireland,28,9,42,0,241,54,136,214,596,136,12,3280,23,12,195,0
Ashley Westwood,Burnley,Midfielder,England,30,9,34,0,336,48,321,241,586,94,25,9880,39,22,790,0
Josh Benson,Burnley,Midfielder,England,20,0,0,0,0,0,0,0,0,0,0,0,0,0,0,0
Chris Wood,Burnley,Forward,New Zealand,28,36,81,0,28,22,7,62,0,0,4,1535,8,0,0,0
Ashley Barnes,Burnley,Forward,England,30,38,104,0,103,53,33,111,0,0,6,2475,11,0,0,0
Jay Rodriguez,Burnley,Forward,England,31,41,140,0,154,87,82,113,0,0,12,2835,14,0,0,0
Matej Vydra,Burnley,Forward,Czech Republic,28,6,20,0,10,5,5,13,0,0,5,359,4,0,0,0
Kepa Arrizabalaga,Chelsea,Goalkeeper,Spain,25,0,0,22,0,0,0,0,0,0,0,2006,0,0,334,142
Willy Caballero,Chelsea,Goalkeeper,Argentina,38,0,0,11,0,0,0,0,0,0,0,798,0,0,166,72
Antonio R?diger,Chelsea,Defender,Germany,27,5,0,28,93,15,72,252,341,199,1,5738,5,14,364,0
Marcos Alonso,Chelsea,Defender,Spain,29,20,0,52,288,63,215,369,800,286,12,6434,17,8,214,0
Andreas Christensen,Chelsea,Defender,Denmark,24,0,0,12,76,3,74,193,254,145,0,3213,2,3,131,0
Kurt Zouma,Chelsea,Defender,France,25,5,0,35,160,13,225,653,681,413,4,5767,2,0,396,0
Reece James,Chelsea,Defender,England,20,1,0,4,43,6,26,27,137,42,3,1104,6,0,45,0
C?sar Azpilicueta,Chelsea,Defender,Spain,31,8,0,95,722,29,475,788,1400,475,31,15647,32,25,633,0
Fikayo Tomori,Chelsea,Defender,England,22,1,0,4,32,1,24,53,81,34,0,1193,0,3,43,0
Emerson,Chelsea,Defender,Italy,26,0,0,4,43,6,28,31,122,25,1,1285,3,2,32,0
Ben Chilwell,Chelsea,Defender,England,23,4,0,24,157,10,117,261,637,261,9,4540,12,8,137,0
Thiago Silva,Chelsea,Defender,Brazil,36,0,0,0,0,0,0,0,0,0,0,0,0,0,0,0
Juan Castillo,Chelsea,Defender,Netherlands,20,0,0,0,0,0,0,0,0,0,0,0,0,0,0,0
Hakim Ziyech,Chelsea,Midfielder,Morocco,27,0,0,0,0,0,0,0,0,0,0,0,0,0,0,0
Jorginho,Chelsea,Midfielder,Italy,28,7,13,0,147,9,130,64,256,29,3,5482,12,50,231,0
N'Golo Kant?,Chelsea,Midfielder,France,29,10,29,0,540,46,420,184,922,123,10,8952,15,28,364,0
Ross Barkley,Chelsea,Midfielder,England,26,25,119,0,172,145,76,108,973,170,27,7686,32,59,469,0
Ruben Loftus-Cheek,Chelsea,Midfielder,England,24,9,19,0,54,27,44,41,355,65,6,1854,7,6,50,0
Mateo Kovacic,Chelsea,Midfielder,Croatia,26,1,9,0,108,24,30,34,320,19,5,3398,4,19,128,0
Mason Mount,Chelsea,Midfielder,England,21,7,29,0,43,28,18,19,136,10,5,1312,8,3,28,0
Christian Pulisic,Chelsea,Midfielder,United States,22,9,26,0,23,15,6,7,128,20,4,668,6,4,19,0
Billy Gilmour,Chelsea,Midfielder,Scotland,19,0,0,0,5,0,3,2,10,2,0,172,0,0,9,0
Kai Havertz,Chelsea,Midfielder,Germany,21,0,0,0,3,0,0,1,6,2,0,41,0,1,1,0
Timo Werner,Chelsea,Forward,Germany,24,0,1,0,1,3,3,2,0,0,0,49,0,0,0,0
Tammy Abraham,Chelsea,Forward,England,22,20,56,0,18,26,8,39,0,0,4,721,6,0,0,0
Olivier Giroud,Chelsea,Forward,France,33,86,212,0,145,104,64,178,0,0,28,4718,40,0,0,0
Callum Hudson-Odoi,Chelsea,Forward,England,19,1,8,0,18,14,8,4,0,0,6,641,8,0,0,0
Wayne Hennessey,Crystal-Palace,Goalkeeper,Wales,33,0,0,37,0,0,0,0,0,0,1,4858,0,0,1618,617
Vicente Guaita,Crystal-Palace,Goalkeeper,Spain,33,0,0,18,0,0,0,0,0,0,0,1428,0,0,357,182
Stephen Henderson,Crystal-Palace,Goalkeeper,Ireland,32,0,0,0,0,0,0,0,0,0,0,0,0,0,0,0
Nathan Ferguson,Crystal-Palace,Defender,England,19,0,0,0,0,0,0,0,0,0,0,0,0,0,0,0
Joel Ward,Crystal-Palace,Defender,England,30,4,0,45,483,25,368,796,1218,406,5,6449,9,3,356,0
Patrick van Aanholt,Crystal-Palace,Defender,Netherlands,30,20,0,40,350,51,326,439,680,69,14,6833,25,14,290,0
James Tomkins,Crystal-Palace,Defender,England,31,12,0,58,447,26,443,2029,1442,823,7,8210,8,4,752,0
Scott Dann,Crystal-Palace,Defender,England,33,15,0,48,291,29,343,1536,1016,612,11,6399,11,4,665,0
Mamadou Sakho,Crystal-Palace,Defender,France,30,3,0,32,144,4,200,697,534,298,2,5917,2,2,280,0
Gary Cahill,Crystal-Palace,Defender,England,34,27,0,99,471,63,452,2849,1946,1157,10,12718,8,6,847,0
Martin Kelly,Crystal-Palace,Defender,England,30,0,0,29,335,8,153,641,646,240,5,3820,2,2,202,0
Tyrick Mitchell,Crystal-Palace,Defender,England,21,0,0,1,15,0,3,5,19,0,0,132,0,0,6,0
Jaroslaw Jach,Crystal-Palace,Defender,Poland,26,0,0,0,0,0,0,0,0,0,0,0,0,0,0,0
Sam Woods,Crystal-Palace,Defender,England,22,0,0,0,0,0,0,0,0,0,0,0,0,0,0,0
Ryan Inniss,Crystal-Palace,Defender,England,25,0,0,0,0,0,0,0,0,0,0,0,0,0,0,0
Luka Milivojevic,Crystal-Palace,Midfielder,Serbia,29,27,55,0,264,41,227,202,597,167,4,5573,8,9,394,0
Max Meyer,Crystal-Palace,Midfielder,Germany,25,1,10,0,52,14,22,20,111,6,2,864,0,0,19,0
Cheikhou Kouyat?,Crystal-Palace,Midfielder,Senegal,30,13,54,0,446,33,310,412,1311,547,10,5799,3,8,176,0
Andros Townsend,Crystal-Palace,Midfielder,England,29,22,103,0,353,112,177,82,1025,19,22,4717,40,12,111,0
Jeffrey Schlupp,Crystal-Palace,Midfielder,Ghana,27,11,0,17,278,43,177,217,773,211,8,3156,10,4,163,0
James McArthur,Crystal-Palace,Midfielder,Scotland,32,23,64,0,613,68,398,312,1304,314,18,10076,21,32,570,0
James McCarthy,Crystal-Palace,Midfielder,Ireland,29,13,47,0,674,65,421,366,1190,148,12,10840,8,23,835,0
Jairo Riedewald,Crystal-Palace,Midfielder,Netherlands,24,0,0,0,25,2,29,31,45,7,0,484,0,1,29,0
Eberechi Eze,Crystal-Palace,Midfielder,England,22,0,0,0,2,0,0,0,4,0,0,14,0,0,0,0
Nya Kirby,Crystal-Palace,Midfielder,England,20,0,0,0,0,0,0,0,0,0,0,0,0,0,0,0
Jordan Ayew,Crystal-Palace,Forward,Ghana,29,25,78,0,226,73,76,55,0,0,9,2968,12,0,0,0
Wilfried Zaha,Crystal-Palace,Forward,Cote D'Ivoire,27,39,119,0,294,106,123,32,0,0,24,4555,36,0,0,0
Christian Benteke,Crystal-Palace,Forward,Belgium,29,72,208,0,80,117,26,214,0,0,20,5666,31,0,0,0
Connor Wickham,Crystal-Palace,Forward,England,27,19,59,0,93,56,53,109,0,0,7,2003,5,0,0,0
Brandon Pierrick,Crystal-Palace,Forward,England,18,0,0,0,0,0,0,1,0,0,0,7,0,0,0,0
Michy Batshuayi,Crystal-Palace,Forward,Belgium,26,13,25,0,13,22,7,6,0,0,3,421,0,0,0,0
Jordan Pickford,Everton,Goalkeeper,England,26,0,0,38,0,0,0,0,0,0,0,4553,0,0,1273,462
Jo?o Virg?nia,Everton,Goalkeeper,Portugal,20,0,0,0,0,0,0,0,0,0,0,0,0,0,0,0
Jonas L?ssl,Everton,Goalkeeper,Denmark,31,0,0,14,0,0,0,0,0,0,2,2290,0,0,746,191
Mason Holgate,Everton,Defender,England,23,0,0,14,113,3,81,274,319,124,4,2429,7,2,218,0
Michael Keane,Everton,Defender,England,27,6,0,40,157,17,249,978,899,685,5,6162,7,3,479,0
Lucas Digne,Everton,Defender,France,27,4,0,20,150,29,104,195,452,209,12,2961,21,2,130,0
Yerry Mina,Everton,Defender,Colombia,26,3,0,8,54,7,41,156,229,153,1,2052,2,1,149,0
S?amus Coleman,Everton,Defender,Ireland,31,20,0,78,480,48,296,542,1308,195,21,8930,36,12,342,0
Jarrad Branthwaite,Everton,Defender,England,18,0,0,1,8,0,2,11,20,9,0,223,0,0,13,0
Jonjoe Kenny,Everton,Defender,England,23,0,0,6,64,2,46,107,142,62,2,1045,3,0,68,0
Niels Nkounkou,Everton,Defender,France,19,0,0,0,0,0,0,0,0,0,0,0,0,0,0,0
Fabian Delph,Everton,Midfielder,England,30,7,36,0,395,36,283,213,987,130,8,8857,7,13,508,0
Gylfi Sigurdsson,Everton,Midfielder,Iceland,31,61,221,0,348,203,283,163,863,88,45,7752,68,95,204,0
Andr? Gomes,Everton,Midfielder,Portugal,27,1,5,0,64,6,27,25,229,56,2,2169,2,4,187,0
Jean-Philippe Gbamin,Everton,Midfielder,Cote D'Ivoire,24,0,0,0,4,0,1,4,11,3,0,70,0,0,2,0
Tom Davies,Everton,Midfielder,England,22,5,15,0,132,25,100,63,417,72,4,2909,5,9,135,0
Beni Baningime,Everton,Midfielder,The Democratic Republic Of Congo,22,0,0,0,6,0,2,1,9,1,0,82,0,0,3,0
Allan,Everton,Midfielder,Brazil,29,0,1,0,9,0,3,3,16,1,0,140,0,0,7,0
James Rodr?guez,Everton,Midfielder,Colombia,29,1,1,0,3,1,3,0,12,1,1,109,2,3,18,0
Abdoulaye Doucour?,Everton,Midfielder,France,27,17,54,0,235,56,143,163,576,154,11,6811,15,7,213,0
Muhamed Besic,Everton,Midfielder,Bosnia And Herzegovina,28,0,7,0,93,7,34,56,186,21,0,1339,2,3,116,0
Sandro Ram?rez,Everton,Forward,Spain,25,0,1,0,2,3,1,0,0,0,0,82,0,0,0,0
Yannick Bolasie,Everton,Forward,The Democratic Republic Of Congo,31,11,72,0,151,55,48,107,0,0,17,2124,25,0,0,0
Richarlison,Everton,Forward,Brazil,23,31,85,0,190,80,53,109,0,0,10,2452,22,0,0,0
Dominic Calvert-Lewin,Everton,Forward,England,23,28,77,0,42,37,29,85,0,0,9,1588,9,0,0,0
Theo Walcott,Everton,Forward,England,31,75,267,0,214,141,149,81,0,0,51,5491,61,0,0,0
Cenk Tosun,Everton,Forward,Turkey,29,10,30,0,23,12,6,16,0,0,3,619,4,0,0,0
Alex Iwobi,Everton,Forward,Nigeria,24,12,65,0,99,46,44,33,0,0,16,3921,23,0,0,0
Bernard,Everton,Forward,Brazil,28,4,10,0,81,14,43,19,0,0,5,1346,7,0,0,0
Moise Kean,Everton,Forward,Italy,20,2,13,0,6,5,5,1,0,0,2,131,5,0,0,0
Anthony Gordon,Everton,Forward,England,19,0,1,0,11,2,8,1,0,0,1,113,0,0,0,0
Marek Rod?k,Fulham,Goalkeeper,Slovakia,23,0,0,0,0,0,0,0,0,0,0,25,0,0,8,2
Fabri,Fulham,Goalkeeper,Spain,32,0,0,0,0,0,0,0,0,0,0,47,0,0,16,16
Alphonse Areola,Fulham,Goalkeeper,France,27,0,0,0,0,0,0,0,0,0,0,29,0,0,4,3
Michael Hector,Fulham,Defender,Jamaica,28,0,0,0,3,1,0,4,10,3,0,127,0,0,12,0
Denis Odoi,Fulham,Defender,Belgium,32,0,0,3,49,1,45,147,156,57,1,1434,1,2,72,0
Tim Ream,Fulham,Defender,United States,32,0,0,5,42,0,65,197,126,66,1,1517,1,0,73,0
Maxime Le Marchand,Fulham,Defender,France,30,0,0,3,56,3,54,122,129,56,1,1386,1,1,91,0
Joe Bryan,Fulham,Defender,England,27,0,0,5,66,7,37,74,147,32,1,1036,8,1,54,0
Antonee Robinson,Fulham,Defender,United States,23,0,0,0,0,0,0,0,0,0,0,0,0,0,0,0
Kenny Tete,Fulham,Defender,Netherlands,24,0,0,0,3,0,4,3,6,3,1,27,1,0,0,0
Ola Aina,Fulham,Defender,Nigeria,23,0,0,0,0,0,0,1,1,0,0,16,0,0,0,0
Jean Michael Seri,Fulham,Midfielder,Cote D'Ivoire,29,1,6,0,41,7,32,14,93,14,2,1592,7,2,98,0
Kevin McDonald,Fulham,Midfielder,Scotland,31,1,3,0,60,7,43,37,117,28,1,1285,0,8,115,0
Neeskens Kebano,Fulham,Midfielder,The Democratic Republic Of Congo,28,0,0,0,3,1,0,3,16,4,0,57,0,0,0,0
Stefan Johansen,Fulham,Midfielder,Norway,29,0,0,0,10,0,3,5,17,3,0,250,0,0,13,0
Tom Cairney,Fulham,Midfielder,Scotland,29,2,7,0,57,11,32,22,187,21,1,1882,4,9,104,0
Josh Onomah,Fulham,Midfielder,England,23,0,2,0,10,1,1,2,17,3,0,109,0,0,0,0
Andr?-Frank Zambo Anguissa,Fulham,Midfielder,Cameroon,24,0,5,0,54,10,37,30,148,24,1,1113,1,0,38,0
Mario Lemina,Fulham,Midfielder,Gabon,27,2,10,0,105,12,80,63,278,55,2,1787,3,9,87,0
Harrison Reed,Fulham,Midfielder,England,25,0,3,0,36,1,26,14,60,7,0,419,0,0,14,0
Tyrese Francois,Fulham,Midfielder,Australia,20,0,0,0,0,0,0,0,0,0,0,0,0,0,0,0
Aleksandar Mitrovic,Fulham,Forward,Serbia,26,23,85,0,44,46,13,88,0,0,7,1841,6,0,0,0
Bobby De Cordova-Reid,Fulham,Forward,Jamaica,27,6,10,0,17,8,3,12,0,0,2,324,1,0,0,0
Ivan Cavaleiro,Fulham,Forward,Portugal,26,3,4,0,6,2,7,5,0,0,1,357,2,0,0,0
Aboubakar Kamara,Fulham,Forward,France,25,3,10,0,8,0,1,5,0,0,0,262,1,0,0,0
Kiko Casilla,Leeds-United,Goalkeeper,Spain,33,0,0,0,0,0,0,0,0,0,0,0,0,0,0,0
Elia Caprile,Leeds-United,Goalkeeper,Italy,19,0,0,0,0,0,0,0,0,0,0,0,0,0,0,0
Luke Ayling,Leeds-United,Defender,England,29,0,0,0,10,0,0,4,17,1,0,108,0,1,9,0
Barry Douglas,Leeds-United,Defender,Scotland,31,0,0,0,0,0,0,0,0,0,0,0,0,0,0,0
Liam Cooper,Leeds-United,Defender,Scotland,29,0,0,0,3,0,6,23,14,7,0,70,0,0,8,0
Pascal Struijk,Leeds-United,Defender,Netherlands,21,0,0,0,4,0,3,11,5,1,0,59,0,0,8,0
Leif Davis,Leeds-United,Defender,England,20,0,0,0,0,0,0,0,0,0,0,0,0,0,0,0
Robin Koch,Leeds-United,Defender,Germany,24,0,0,0,5,1,2,5,17,10,0,107,0,0,4,0
Oliver Casey,Leeds-United,Defender,England,19,0,0,0,0,0,0,0,0,0,0,0,0,0,0,0
Charlie Cresswell,Leeds-United,Defender,England,17,0,0,0,0,0,0,0,0,0,0,0,0,0,0,0
Robbie Gotts,Leeds-United,Defender,England,20,0,0,0,0,0,0,0,0,0,0,0,0,0,0,0
Adam Forshaw,Leeds-United,Midfielder,England,28,0,6,0,62,9,36,23,133,17,1,1355,3,8,99,0
Ezgjan Alioski,Leeds-United,Midfielder,none,28,0,1,0,1,0,1,0,2,0,0,11,0,0,0,0
Stuart Dallas,Leeds-United,Midfielder,Northern Ireland,29,0,0,0,12,0,4,7,19,1,0,101,0,1,7,0
Pablo Hern?ndez,Leeds-United,Midfielder,Spain,35,5,21,0,56,23,54,26,159,6,13,2341,12,24,135,0
Kalvin Phillips,Leeds-United,Midfielder,England,24,0,0,0,8,0,4,6,12,2,1,92,0,0,7,0
Mateusz Klich,Leeds-United,Midfielder,Poland,30,2,2,0,6,0,4,2,11,3,1,92,0,0,1,0
Jamie Shackleton,Leeds-United,Midfielder,England,20,0,0,0,1,0,0,0,2,0,0,3,0,0,0,0
Jack Harrison,Leeds-United,Midfielder,England,23,1,1,0,3,1,2,0,11,2,0,47,0,0,0,0
Alfie McCalmont,Leeds-United,Midfielder,Northern Ireland,20,0,0,0,0,0,0,0,0,0,0,0,0,0,0,0
Mateusz Bogusz,Leeds-United,Midfielder,Poland,19,0,0,0,0,0,0,0,0,0,0,0,0,0,0,0
Ian Poveda-Ocampo,Leeds-United,Forward,England,20,0,0,0,0,0,0,0,0,0,0,0,0,0,0,0
Patrick Bamford,Leeds-United,Forward,England,27,3,9,0,14,6,6,9,0,0,1,193,0,0,0,0
Tyler Roberts,Leeds-United,Forward,Wales,21,0,1,0,1,1,0,0,0,0,0,33,0,0,0,0
Joe Gelhardt,Leeds-United,Forward,England,18,0,0,0,0,0,0,0,0,0,0,0,0,0,0,0
Rodrigo Moreno,Leeds-United,Forward,Spain,29,1,5,0,15,6,12,5,0,0,1,190,5,0,0,0
Kasper Schmeichel,Leicester-City,Goalkeeper,Denmark,33,0,0,65,0,0,0,0,0,0,0,6198,0,0,1880,599
Danny Ward,Leicester-City,Goalkeeper,Wales,27,0,0,0,0,0,0,0,0,0,0,49,0,0,8,9
Eldin Jakupovic,Leicester-City,Goalkeeper,Switzerland,35,0,0,6,0,0,0,0,0,0,0,769,0,0,202,94
James Justin,Leicester-City,Defender,England,22,1,0,5,39,2,15,28,96,24,1,792,1,0,24,0
?aglar S?y?nc?,Leicester-City,Defender,Turkey,24,1,0,13,69,2,52,180,237,130,1,2696,1,0,124,0
Wes Morgan,Leicester-City,Defender,Jamaica,36,8,0,41,200,22,313,879,797,503,2,4435,1,2,220,0
Jonny Evans,Leicester-City,Defender,Northern Ireland,32,11,0,82,457,22,585,1843,1417,641,9,13240,5,9,1004,0
Filip Benkovic,Leicester-City,Defender,Croatia,23,0,0,0,0,0,0,0,0,0,0,0,0,0,0,0
Daniel Amartey,Leicester-City,Defender,Ghana,25,1,0,8,68,3,50,76,153,59,1,1469,0,0,72,0
Ricardo Pereira,Leicester-City,Defender,Portugal,26,5,0,20,237,13,109,180,557,108,8,3104,15,7,102,0
Christian Fuchs,Leicester-City,Defender,Austria,34,2,0,29,255,16,248,365,513,201,9,4051,11,5,276,0
Luke Thomas,Leicester-City,Defender,England,19,0,0,1,1,0,3,7,12,5,1,153,0,0,6,0
Timothy Castagne,Leicester-City,Defender,Belgium,24,1,0,1,4,0,3,3,11,6,1,128,0,0,1,0
Demarai Gray,Leicester-City,Midfielder,England,24,10,47,0,76,45,39,39,311,24,9,1920,13,10,73,0
Youri Tielemans,Leicester-City,Midfielder,Belgium,23,6,27,0,71,28,32,23,218,39,10,2594,14,24,152,0
James Maddison,Leicester-City,Midfielder,England,23,13,46,0,107,54,21,10,394,18,10,2913,21,41,152,0
Marc Albrighton,Leicester-City,Midfielder,England,30,17,70,0,425,75,261,169,962,69,37,5597,60,33,363,0
Harvey Barnes,Leicester-City,Midfielder,England,22,8,43,0,28,32,11,9,180,37,11,1083,9,8,19,0
Hamza Choudhury,Leicester-City,Midfielder,England,22,1,4,0,50,6,47,28,86,17,2,900,2,1,41,0
Matty James,Leicester-City,Midfielder,England,29,0,8,0,61,14,67,62,172,62,1,1260,3,2,57,0
Adrien Silva,Leicester-City,Midfielder,Portugal,31,0,2,0,24,5,15,1,52,11,1,512,1,3,26,0
Wilfred Ndidi,Leicester-City,Midfielder,Nigeria,23,6,24,0,482,42,253,297,1066,398,5,6181,3,15,284,0
Dennis Praet,Leicester-City,Midfielder,Belgium,26,2,5,0,37,10,20,12,72,7,3,604,4,2,21,0
Rachid Ghezzal,Leicester-City,Midfielder,Algeria,28,1,5,0,14,10,7,3,0,0,0,422,3,0,0,0
Nampalys Mendy,Leicester-City,Midfielder,France,28,0,1,0,45,1,37,30,141,17,0,1559,0,2,66,0
Cengiz ?nder,Leicester-City,Midfielder,Turkey,23,0,0,0,0,0,0,0,0,0,0,0,0,0,0,0
Jamie Vardy,Leicester-City,Forward,England,33,105,223,0,124,82,59,90,0,0,29,2961,50,0,0,0
Islam Slimani,Leicester-City,Forward,Algeria,32,8,17,0,14,5,4,6,0,0,5,580,2,0,0,0
Kelechi Iheanacho,Leicester-City,Forward,Nigeria,23,21,56,0,38,39,11,21,0,0,13,1327,15,0,0,0
Ayoze P?rez,Leicester-City,Forward,Spain,27,41,114,0,240,60,137,96,0,0,13,3435,26,0,0,0
Fousseni Diabat?,Leicester-City,Forward,Mali,24,0,2,0,11,0,8,7,57,15,1,241,0,1,4,0
Loris Karius,Liverpool,Goalkeeper,Germany,27,0,0,13,0,0,0,0,0,0,0,789,0,0,124,51
Alisson,Liverpool,Goalkeeper,Brazil,27,0,0,35,0,0,0,0,0,0,1,1924,0,0,302,137
Adri?n,Liverpool,Goalkeeper,Spain,33,0,0,37,0,0,0,0,0,0,0,3401,0,0,1086,454
Caoimhin Kelleher,Liverpool,Goalkeeper,Ireland,21,0,0,0,0,0,0,0,0,0,0,0,0,0,0,0
Kamil Grabara,Liverpool,Goalkeeper,Poland,21,0,0,0,0,0,0,0,0,0,0,0,0,0,0,0
Virgil van Dijk,Liverpool,Defender,Netherlands,29,14,0,61,184,27,278,924,1083,776,3,10554,13,11,737,0
Joseph Gomez,Liverpool,Defender,England,23,0,0,31,111,4,100,166,322,140,3,4387,2,2,196,0
Andrew Robertson,Liverpool,Defender,Scotland,26,4,0,44,270,19,191,282,522,92,33,8312,40,8,324,0
Joel Matip,Liverpool,Defender,Cameroon,29,4,0,29,134,10,125,362,428,233,0,5249,2,6,258,0
Trent Alexander-Arnold,Liverpool,Defender,England,21,6,0,31,158,27,114,184,264,31,26,5323,32,11,394,0
Neco Williams,Liverpool,Defender,Wales,19,0,0,0,5,5,9,3,19,6,0,167,0,1,11,0
Konstantinos Tsimikas,Liverpool,Defender,Greece,24,0,0,0,0,0,0,0,0,0,0,0,0,0,0,0
Nathaniel Phillips,Liverpool,Defender,England,23,0,0,0,0,0,0,0,0,0,0,0,0,0,0,0
Sepp van den Berg,Liverpool,Defender,Netherlands,18,0,0,0,0,0,0,0,0,0,0,0,0,0,0,0
Fabinho,Liverpool,Midfielder,Brazil,26,3,8,0,126,11,67,43,293,99,5,3291,4,5,157,0
Georginio Wijnaldum,Liverpool,Midfielder,Netherlands,29,25,86,0,200,55,117,124,696,142,16,7603,15,13,240,0
James Milner,Liverpool,Midfielder,England,34,55,151,0,803,174,437,423,1843,337,84,16171,46,110,882,0
Naby Keita,Liverpool,Midfielder,Guinea,25,4,17,0,69,11,25,17,164,20,4,1760,6,12,32,0
Jordan Henderson,Liverpool,Midfielder,England,30,30,99,0,673,98,437,336,1182,243,46,17932,49,129,1188,0
Alex Oxlade-Chamberlain,Liverpool,Midfielder,England,27,16,65,0,188,87,133,75,707,76,22,4570,27,53,250,0
Marko Grujic,Liverpool,Midfielder,Serbia,24,0,2,0,3,0,0,0,12,5,0,47,0,0,0,0
Curtis Jones,Liverpool,Midfielder,England,19,1,2,0,4,1,2,0,9,2,0,143,0,0,3,0
Harry Wilson,Liverpool,Midfielder,Wales,23,7,20,0,23,25,11,11,87,6,0,575,4,6,42,0
Harvey Elliott,Liverpool,Midfielder,England,17,0,1,0,0,0,0,0,1,0,0,22,0,0,1,0
Xherdan Shaqiri,Liverpool,Midfielder,Switzerland,28,22,64,0,70,50,43,15,330,16,18,3039,32,55,175,0
Thiago,Liverpool,Midfielder,Spain,29,0,0,0,1,0,1,0,2,1,0,82,0,0,10,0
Roberto Firmino,Liverpool,Forward,Brazil,28,57,182,0,259,121,73,61,0,0,36,6222,50,0,0,0
Sadio Man?,Liverpool,Forward,Senegal,28,86,190,0,226,92,97,53,0,0,29,6136,43,0,0,0
Mohamed Salah,Liverpool,Forward,Egypt,28,78,201,0,58,114,25,11,0,0,29,3357,41,0,0,0
Takumi Minamino,Liverpool,Forward,Japan,25,0,2,0,3,3,0,3,0,0,0,107,0,0,0,0
Rhian Brewster,Liverpool,Forward,England,20,0,0,0,0,0,0,0,0,0,0,0,0,0,0,0
Divock Origi,Liverpool,Forward,Belgium,25,19,39,0,34,22,7,9,0,0,6,861,3,0,0,0
Ben Woodburn,Liverpool,Forward,Wales,20,0,0,0,4,2,0,0,7,1,0,40,0,0,0,0
Diogo Jota,Liverpool,Forward,Portugal,23,16,50,0,56,35,22,20,0,0,6,1585,13,0,0,0
Ederson,Manchester-City,Goalkeeper,Brazil,27,0,0,52,0,0,0,0,0,0,1,2781,0,0,405,184
Scott Carson,Manchester-City,Goalkeeper,England,35,0,0,30,0,0,0,0,0,0,2,2722,0,0,832,433
Zack Steffen,Manchester-City,Goalkeeper,United States,25,0,0,0,0,0,0,0,0,0,0,0,0,0,0,0
Nathan Ak?,Manchester-City,Defender,Netherlands,25,12,0,30,255,20,206,757,661,314,6,5634,9,3,260,0
Kyle Walker,Manchester-City,Defender,England,30,7,0,99,600,55,498,820,1510,446,29,15694,25,29,900,0
John Stones,Manchester-City,Defender,England,26,1,0,43,180,7,191,601,664,330,0,8950,5,2,587,0
Oleksandr Zinchenko,Manchester-City,Defender,Ukraine,23,0,6,0,88,11,43,42,173,66,3,3066,5,3,86,0
Aymeric Laporte,Manchester-City,Defender,France,26,4,0,25,63,7,70,147,226,127,3,4957,1,1,274,0
Benjamin Mendy,Manchester-City,Defender,France,26,0,0,11,40,11,35,43,104,28,8,1999,7,2,53,0
Jo?o Cancelo,Manchester-City,Defender,Portugal,26,0,0,5,40,3,21,16,104,19,0,1010,6,0,38,0
Nicol?s Otamendi,Manchester-City,Defender,Argentina,32,8,0,49,269,21,286,649,766,388,1,9366,3,8,432,0
Eric Garc?a,Manchester-City,Defender,Spain,19,0,0,3,6,0,18,31,25,11,0,728,0,0,26,0
Patrick Roberts,Manchester-City,Midfielder,England,23,0,0,0,1,0,0,0,10,0,0,30,0,0,2,0
Ilkay G?ndogan,Manchester-City,Midfielder,Germany,29,15,34,0,83,47,84,45,262,43,6,5854,12,36,224,0
Rodrigo,Manchester-City,Midfielder,Spain,24,3,9,0,53,4,27,32,177,59,2,2673,3,2,174,0
Kevin De Bruyne,Manchester-City,Midfielder,Belgium,29,37,133,0,214,97,88,59,633,64,67,8407,97,131,436,0
Bernardo Silva,Manchester-City,Midfielder,Portugal,26,19,51,0,115,50,59,46,334,30,18,4015,21,13,132,0
Fernandinho,Manchester-City,Midfielder,Brazil,35,18,63,0,549,50,353,415,1338,427,16,14806,24,75,650,0
Phil Foden,Manchester-City,Midfielder,England,20,7,22,0,25,11,10,4,99,13,3,819,3,7,21,0
Tommy Doyle,Manchester-City,Midfielder,England,18,0,1,0,0,0,0,0,1,0,0,20,0,0,0,0
Adri?n Bernab?,Manchester-City,Midfielder,Spain,19,0,0,0,0,0,0,0,0,0,0,0,0,0,0,0
Ferran Torres,Manchester-City,Forward,Spain,20,0,0,0,0,0,0,0,0,0,0,1,0,0,0,0
Raheem Sterling,Manchester-City,Forward,England,25,86,222,0,256,155,125,52,0,0,45,8317,61,0,0,0
Gabriel Jesus,Manchester-City,Forward,Brazil,23,42,122,0,56,38,25,17,0,0,17,1830,16,0,0,0
Sergio Ag?ero,Manchester-City,Forward,Argentina,32,180,411,0,150,230,73,14,0,0,46,6134,59,0,0,0
Riyad Mahrez,Manchester-City,Forward,Algeria,29,57,185,0,211,125,141,50,0,0,40,6019,80,0,0,0
Liam Delap,Manchester-City,Forward,England,17,0,0,0,0,0,0,0,0,0,0,0,0,0,0,0
David de Gea,Manchester-United,Goalkeeper,Spain,29,0,0,113,0,0,0,0,0,0,0,7009,0,0,1943,870
Lee Grant,Manchester-United,Goalkeeper,England,37,0,0,9,0,0,0,0,0,0,0,959,0,0,365,99
Sergio Romero,Manchester-United,Goalkeeper,Argentina,33,0,0,6,0,0,0,0,0,0,0,181,0,0,54,20
Dean Henderson,Manchester-United,Goalkeeper,England,23,0,0,13,0,0,0,0,0,0,0,934,0,0,265,97
Victor Lindel?f,Manchester-United,Defender,Sweden,26,2,0,23,86,5,63,311,319,188,1,4419,5,3,172,0
Eric Bailly,Manchester-United,Defender,Cote D'Ivoire,26,1,0,21,92,3,102,226,229,75,0,1682,0,1,100,0
Phil Jones,Manchester-United,Defender,England,28,2,0,60,394,19,404,1073,1051,407,6,7835,11,13,485,0
Harry Maguire,Manchester-United,Defender,England,27,8,0,32,191,23,233,639,895,494,7,7325,9,6,646,0
Chris Smalling,Manchester-United,Defender,England,30,12,0,66,283,32,360,1287,1082,645,2,8092,3,7,517,0
Marcos Rojo,Manchester-United,Defender,Argentina,30,1,0,21,140,14,130,383,351,154,1,3503,1,2,238,0
Diogo Dalot,Manchester-United,Defender,Portugal,21,0,0,1,27,5,12,31,65,25,2,474,5,0,10,0
Luke Shaw,Manchester-United,Defender,England,25,1,0,43,275,31,167,464,821,261,7,6663,14,9,171,0
Timothy Fosu-Mensah,Manchester-United,Defender,Netherlands,22,0,0,5,80,5,65,110,151,31,1,1316,2,2,59,0
Aaron Wan-Bissaka,Manchester-United,Defender,England,22,0,0,25,287,7,165,221,529,76,7,3019,8,3,72,0
Axel Tuanzebe,Manchester-United,Defender,England,22,0,0,1,11,1,12,12,24,5,0,279,0,0,6,0
Brandon Williams,Manchester-United,Defender,England,20,1,0,4,21,1,16,14,62,10,0,551,0,1,16,0
Teden Mengi,Manchester-United,Defender,England,18,0,0,0,0,0,0,0,0,0,0,0,0,0,0,0
Paul Pogba,Manchester-United,Midfielder,France,27,25,110,0,157,81,83,116,824,224,26,7139,21,68,547,0
Juan Mata,Manchester-United,Midfielder,Spain,32,51,133,0,196,99,132,63,616,22,52,11379,68,89,641,0
Jesse Lingard,Manchester-United,Midfielder,England,27,18,69,0,130,53,52,34,358,19,10,3536,18,30,59,0
Andreas Pereira,Manchester-United,Midfielder,Brazil,24,2,16,0,34,14,20,12,101,13,4,1111,8,3,42,0
Fred,Manchester-United,Midfielder,Brazil,27,1,12,0,89,13,54,35,205,12,1,2437,4,6,170,0
Bruno Fernandes,Manchester-United,Midfielder,Portugal,26,8,19,0,24,9,11,14,57,3,7,871,3,8,52,0
Daniel James,Manchester-United,Midfielder,Wales,22,3,20,0,22,11,7,6,111,8,6,722,6,4,13,0
Nemanja Matic,Manchester-United,Midfielder,Serbia,32,6,35,0,491,46,337,406,1196,343,19,12463,11,26,741,0
Scott McTominay,Manchester-United,Midfielder,Scotland,23,6,17,0,69,17,62,62,288,94,1,1926,2,4,94,0
Donny van de Beek,Manchester-United,Midfielder,Netherlands,23,1,1,0,1,0,0,0,1,0,0,22,0,0,0,0
Anthony Martial,Manchester-United,Forward,France,24,51,122,0,77,72,29,56,0,0,23,3712,35,0,0,0
Marcus Rashford,Manchester-United,Forward,England,22,44,130,0,74,75,35,70,0,0,21,2979,27,0,0,0
Odion Ighalo,Manchester-United,Forward,Nigeria,31,16,62,0,39,36,18,30,0,0,4,1045,1,0,0,0
Mason Greenwood,Manchester-United,Forward,England,18,10,24,0,20,9,6,6,0,0,1,577,1,0,0,0
Mark Gillespie,Newcastle-United,Goalkeeper,England,28,0,0,0,0,0,0,0,0,0,0,0,0,0,0,0
Martin Dubravka,Newcastle-United,Goalkeeper,Slovakia,31,0,0,26,0,0,0,0,0,0,0,2318,0,0,653,261
Karl Darlow,Newcastle-United,Goalkeeper,England,29,0,0,6,0,0,0,0,0,0,0,554,0,0,171,65
Daniel Langley,Newcastle-United,Goalkeeper,England,19,0,0,0,0,0,0,0,0,0,0,0,0,0,0,0
Ciaran Clark,Newcastle-United,Defender,Ireland,30,14,0,29,306,18,304,1256,872,420,5,5675,10,2,371,0
Paul Dummett,Newcastle-United,Defender,Wales,28,2,0,27,216,10,177,606,590,305,0,3814,4,1,229,0
Fabian Sch?r,Newcastle-United,Defender,Switzerland,28,6,0,11,99,7,114,209,268,99,1,1755,1,5,228,0
Jamaal Lascelles,Newcastle-United,Defender,England,26,6,0,30,90,3,123,645,489,343,1,3699,2,2,237,0
Emil Krafth,Newcastle-United,Defender,Sweden,26,0,0,2,18,1,8,40,36,8,1,329,1,0,10,0
Federico Fern?ndez,Newcastle-United,Defender,Argentina,31,4,0,43,254,13,305,1070,777,399,7,7218,5,2,523,0
Javier Manquillo,Newcastle-United,Defender,Spain,26,1,0,18,171,2,100,221,359,88,5,2235,4,1,79,0
DeAndre Yedlin,Newcastle-United,Defender,United States,27,2,0,19,169,5,107,269,398,109,5,2500,6,3,90,0
Jamal Lewis,Newcastle-United,Defender,Northern Ireland,22,1,0,3,53,2,27,57,122,9,0,1101,1,1,33,0
Jacob Murphy,Newcastle-United,Midfielder,England,25,1,8,0,19,7,7,15,76,11,2,325,4,1,11,0
Jonjo Shelvey,Newcastle-United,Midfielder,England,28,20,114,0,261,105,198,175,573,109,23,8878,30,67,976,0
Matt Ritchie,Newcastle-United,Midfielder,Scotland,31,11,51,0,193,76,150,173,507,113,20,4121,27,16,222,0
Isaac Hayden,Newcastle-United,Midfielder,England,25,3,17,0,171,20,104,102,424,161,6,2149,9,6,69,0
Miguel Almir?n,Newcastle-United,Midfielder,Paraguay,26,4,25,0,81,25,39,20,222,11,3,1098,4,3,28,0
Christian Atsu,Newcastle-United,Midfielder,Ghana,28,3,28,0,52,17,26,41,217,32,6,1096,12,8,24,0
Sean Longstaff,Newcastle-United,Midfielder,England,22,2,9,0,52,10,29,28,123,26,1,925,3,1,64,0
Matthew Longstaff,Newcastle-United,Midfielder,England,20,2,2,0,3,1,5,3,17,6,0,255,1,1,10,0
Jeff Hendrick,Newcastle-United,Midfielder,Ireland,28,10,25,0,91,38,80,93,349,94,6,3063,7,10,134,0
Ryan Fraser,Newcastle-United,Midfielder,Scotland,26,16,61,0,57,38,67,80,364,31,26,3469,41,16,94,0
Henri Saivet,Newcastle-United,Midfielder,Senegal,29,1,1,0,18,0,9,10,23,3,0,106,0,0,4,0
Daniel Barlaser,Newcastle-United,Midfielder,England,23,0,0,0,0,0,0,0,0,0,0,0,0,0,0,0
Andy Carroll,Newcastle-United,Forward,England,31,53,172,0,103,107,74,323,0,0,22,4726,28,0,0,0
Joelinton,Newcastle-United,Forward,Brazil,24,2,15,0,36,13,11,31,0,0,2,836,3,0,0,0
Allan Saint-Maximin,Newcastle-United,Forward,France,23,3,21,0,15,14,9,5,0,0,4,458,8,0,0,0
Dwight Gayle,Newcastle-United,Forward,England,29,25,59,0,61,41,26,41,0,0,6,1201,6,0,0,0
Callum Wilson,Newcastle-United,Forward,England,28,42,91,0,41,47,19,48,0,0,12,1694,21,0,0,0
Wes Foderingham,Sheffield-United,Goalkeeper,England,29,0,0,0,0,0,0,0,0,0,0,0,0,0,0,0
Michael Verrips,Sheffield-United,Goalkeeper,Netherlands,23,0,0,0,0,0,0,0,0,0,0,0,0,0,0,0
Simon Moore,Sheffield-United,Goalkeeper,England,30,0,0,0,0,0,0,0,0,0,0,44,0,0,10,5
Aaron Ramsdale,Sheffield-United,Goalkeeper,England,22,0,0,5,0,0,0,0,0,0,1,1000,0,0,220,132
George Baldock,Sheffield-United,Defender,England,27,2,0,13,64,4,36,70,192,41,3,1178,3,0,22,0
Enda Stevens,Sheffield-United,Defender,Ireland,30,2,0,13,98,7,48,96,228,39,4,1670,9,2,82,0
Jack O'Connell,Sheffield-United,Defender,England,26,0,0,12,26,3,44,151,190,140,1,1634,6,1,129,0
Chris Basham,Sheffield-United,Defender,England,32,1,0,12,126,0,93,215,324,129,3,1656,2,0,97,0
John Egan,Sheffield-United,Defender,Ireland,27,2,0,12,46,14,58,168,204,138,0,1340,1,0,114,0
Jack Robinson,Sheffield-United,Defender,England,27,0,0,1,14,0,10,28,35,14,0,291,0,0,15,0
Kean Bryan,Sheffield-United,Defender,England,23,0,0,0,0,0,0,0,0,0,0,0,0,0,0,0
Phil Jagielka,Sheffield-United,Defender,England,38,18,0,107,703,39,618,2974,1842,783,9,14775,8,11,1830,0
Max Lowe,Sheffield-United,Defender,England,23,0,0,0,0,0,0,0,0,0,0,0,0,0,0,0
Ethan Ampadu,Sheffield-United,Defender,Wales,20,0,0,0,2,0,0,9,4,1,0,28,0,0,1,0
Jayden Bogle,Sheffield-United,Defender,England,20,0,0,0,0,0,0,0,0,0,0,0,0,0,0,0
John Fleck,Sheffield-United,Midfielder,Scotland,29,5,11,0,39,12,26,22,120,14,2,1047,5,3,38,0
John Lundstram,Sheffield-United,Midfielder,England,26,5,11,0,47,10,34,44,105,26,3,1247,8,3,90,0
Oliver Norwood,Sheffield-United,Midfielder,Northern Ireland,29,1,6,0,66,5,49,40,136,45,1,2062,6,1,239,0
Ben Osborn,Sheffield-United,Midfielder,England,26,0,1,0,15,1,6,6,31,6,0,244,1,0,8,0
Sander Berge,Sheffield-United,Midfielder,Norway,22,1,2,0,24,2,11,16,85,38,1,412,1,0,14,0
Jack Rodwell,Sheffield-United,Midfielder,England,29,10,58,0,212,63,113,227,470,148,4,3881,2,11,271,0
Regan Slater,Sheffield-United,Midfielder,England,21,0,0,0,0,0,0,0,0,0,0,0,0,0,0,0
Oliver Burke,Sheffield-United,Midfielder,Scotland,23,0,0,0,6,2,7,2,34,8,2,149,1,1,3,0
Zak Brunt,Sheffield-United,Midfielder,England,18,0,0,0,0,0,0,0,0,0,0,0,0,0,0,0
Oliver McBurnie,Sheffield-United,Forward,Scotland,24,6,31,0,45,8,17,45,0,0,1,785,3,0,0,0
Billy Sharp,Sheffield-United,Forward,England,34,3,7,0,7,3,1,3,0,0,2,233,5,0,0,0
David McGoldrick,Sheffield-United,Forward,Ireland,32,2,20,0,41,9,3,24,0,0,2,636,4,0,0,0
Lys Mousset,Sheffield-United,Forward,France,24,9,24,0,25,25,8,17,0,0,4,585,9,0,0,0
Alex McCarthy,Southampton,Goalkeeper,England,30,0,0,17,0,0,0,0,0,0,0,2325,0,0,628,314
Angus Gunn,Southampton,Goalkeeper,England,24,0,0,5,0,0,0,0,0,0,0,520,0,0,117,63
Fraser Forster,Southampton,Goalkeeper,England,32,0,0,37,0,0,0,0,0,0,0,2515,0,0,773,259
Harry Lewis,Southampton,Goalkeeper,England,22,0,0,0,0,0,0,0,0,0,0,0,0,0,0,0
Jannik Vestergaard,Southampton,Defender,Denmark,28,1,0,8,74,5,62,273,280,169,0,1709,3,3,98,0
Jack Stephens,Southampton,Defender,England,26,4,0,21,123,4,136,396,381,185,4,3850,3,5,237,0
Ryan Bertrand,Southampton,Defender,England,31,7,0,59,338,34,331,396,987,322,15,8783,29,9,309,0
Jake Vokins,Southampton,Defender,England,20,0,0,0,2,0,0,1,3,0,0,58,0,0,3,0
Jan Bednarek,Southampton,Defender,Poland,24,2,0,11,113,3,154,390,351,217,2,2655,2,3,140,0
Yan Valery,Southampton,Defender,France,21,2,0,3,62,2,35,86,176,62,1,621,2,1,20,0
Kyle Walker-Peters,Southampton,Defender,England,23,0,0,5,41,2,28,36,137,17,6,925,5,0,22,0
Mohammed Salisu,Southampton,Defender,Ghana,21,0,0,0,0,0,0,0,0,0,0,0,0,0,0,0
Moussa Djenepo,Southampton,Midfielder,Mali,22,2,8,0,28,4,10,9,117,6,2,266,3,1,5,0
Oriol Romeu,Southampton,Midfielder,Spain,29,4,23,0,471,38,328,254,1000,304,0,7889,12,9,434,0
James Ward-Prowse,Southampton,Midfielder,England,25,22,102,0,262,71,188,249,613,182,22,6946,36,17,294,0
Stuart Armstrong,Southampton,Midfielder,Scotland,28,8,32,0,61,23,23,34,184,31,5,1230,3,2,34,0
Sofiane Boufal,Southampton,Midfielder,Morocco,27,3,20,0,91,28,15,9,371,23,4,1328,9,9,36,0
Nathan Redmond,Southampton,Midfielder,England,26,25,129,0,253,108,113,74,924,69,18,5788,37,27,243,0
William Smallbone,Southampton,Midfielder,Ireland,20,0,0,0,13,2,3,1,0,0,2,248,0,0,0,0
Nathan Tella,Southampton,Midfielder,England,21,0,1,0,0,0,0,0,7,1,0,4,0,0,0,0
Shane Long,Southampton,Forward,Ireland,33,55,161,0,230,53,125,181,0,0,23,4540,25,0,0,0
Danny Ings,Southampton,Forward,England,28,45,108,0,106,65,37,45,0,0,9,1938,14,0,0,0
Che Adams,Southampton,Forward,England,24,4,13,0,6,15,2,9,0,0,2,282,5,0,0,0
Michael Obafemi,Southampton,Forward,Ireland,20,4,8,0,8,7,7,0,0,0,3,156,3,0,0,0
Hugo Lloris,Tottenham-Hotspur,Goalkeeper,France,33,0,0,92,0,0,0,0,0,0,0,6702,0,0,1543,703
Paulo Gazzaniga,Tottenham-Hotspur,Goalkeeper,Argentina,28,0,0,6,0,0,0,0,0,0,0,982,0,0,221,127
Joe Hart,Tottenham-Hotspur,Goalkeeper,England,33,0,0,127,0,0,0,0,0,0,1,6733,0,0,1800,941
Alfie Whiteman,Tottenham-Hotspur,Goalkeeper,England,21,0,0,0,0,0,0,0,0,0,0,0,0,0,0,0
Brandon Austin,Tottenham-Hotspur,Goalkeeper,England,21,0,0,0,0,0,0,0,0,0,0,0,0,0,0,0
Toby Alderweireld,Tottenham-Hotspur,Defender,Belgium,31,8,0,60,226,27,183,976,556,282,4,10036,5,22,1081,0
Davinson S?nchez,Tottenham-Hotspur,Defender,Colombia,24,1,0,23,122,5,102,384,379,199,1,4901,1,0,249,0
Juan Foyth,Tottenham-Hotspur,Defender,Argentina,22,1,0,3,38,0,11,50,96,28,0,642,2,1,23,0
Serge Aurier,Tottenham-Hotspur,Defender,Cote D'Ivoire,27,3,0,12,162,10,85,149,394,130,9,2326,11,1,64,0
Ben Davies,Tottenham-Hotspur,Defender,Wales,27,6,0,51,390,32,263,625,957,343,15,8593,20,5,327,0
Japhet Tanganga,Tottenham-Hotspur,Defender,England,21,0,0,2,17,1,11,29,45,18,0,201,0,0,6,0
Matt Doherty,Tottenham-Hotspur,Defender,Ireland,28,8,0,19,128,16,103,137,508,288,8,2970,11,4,103,0
Dennis Cirkin,Tottenham-Hotspur,Defender,England,18,0,0,0,0,0,0,0,0,0,0,0,0,0,0,0
Cameron Carter-Vickers,Tottenham-Hotspur,Defender,United States,22,0,0,0,0,0,0,0,0,0,0,0,0,0,0,0
Sergio Reguil?n,Tottenham-Hotspur,Defender,Spain,23,0,0,0,0,0,0,0,0,0,0,0,0,0,0,0
Harry Winks,Tottenham-Hotspur,Midfielder,England,24,2,6,0,88,8,73,64,230,33,2,4198,3,11,199,0
Erik Lamela,Tottenham-Hotspur,Midfielder,Argentina,28,16,69,0,247,72,103,32,633,38,23,4019,28,36,90,0
Eric Dier,Tottenham-Hotspur,Midfielder,England,26,10,27,0,286,32,257,530,822,418,8,9661,11,16,648,0
Moussa Sissoko,Tottenham-Hotspur,Midfielder,France,31,14,69,0,280,54,163,176,1069,240,24,8466,34,60,257,0
Ryan Sessegnon,Tottenham-Hotspur,Midfielder,England,20,2,11,0,29,6,22,48,113,24,6,846,6,5,18,0
Dele Alli,Tottenham-Hotspur,Midfielder,England,24,50,128,0,237,82,127,99,817,121,33,5517,44,67,167,0
Tanguy Ndombele,Tottenham-Hotspur,Midfielder,France,23,2,4,0,24,3,14,8,102,8,2,672,1,4,19,0
Gedson Fernandes,Tottenham-Hotspur,Midfielder,Portugal,21,0,0,0,2,1,1,0,6,0,0,39,0,0,0,0
Pierre-Emile H?jbjerg,Tottenham-Hotspur,Midfielder,Denmark,25,4,40,0,245,34,177,131,639,153,4,5860,4,20,315,0
Harvey White,Tottenham-Hotspur,Midfielder,England,19,0,0,0,0,0,0,0,0,0,0,0,0,0,0,0
Giovani Lo Celso,Tottenham-Hotspur,Midfielder,Argentina,24,0,3,0,51,7,9,17,140,9,2,995,1,8,44,0
Lucas Moura,Tottenham-Hotspur,Forward,Brazil,28,14,37,0,95,29,42,51,0,0,5,1653,7,0,0,0
Jack Clarke,Tottenham-Hotspur,Forward,England,19,0,0,0,0,0,0,0,0,0,0,0,0,0,0,0
Son Heung-Min,Tottenham-Hotspur,Forward,South Korea,28,57,151,0,110,96,57,43,0,0,29,3731,32,0,0,0
Harry Kane,Tottenham-Hotspur,Forward,England,27,144,354,0,139,190,59,147,0,0,24,4408,38,0,0,0
Steven Bergwijn,Tottenham-Hotspur,Forward,Netherlands,22,3,4,0,10,3,1,5,0,0,1,265,1,0,0,0
Gareth Bale,Tottenham-Hotspur,Forward,Wales,31,42,161,0,220,113,240,295,0,0,20,4663,32,0,0,0
Sam Johnstone,West-Bromwich-Albion,Goalkeeper,England,27,0,0,0,0,0,0,0,0,0,0,51,0,0,16,6
David Button,West-Bromwich-Albion,Goalkeeper,England,31,0,0,1,0,0,0,0,0,0,0,99,0,0,27,14
Jonathan Bond,West-Bromwich-Albion,Goalkeeper,England,27,0,0,0,0,0,0,0,0,0,0,0,0,0,0,0
Darnell Furlong,West-Bromwich-Albion,Defender,England,24,0,0,0,3,1,9,12,27,15,0,117,0,0,8,0
Kieran Gibbs,West-Bromwich-Albion,Defender,England,30,2,0,35,332,20,307,496,757,239,9,6012,13,11,162,0
Kyle Bartley,West-Bromwich-Albion,Defender,England,29,0,0,1,32,2,26,115,95,46,0,776,0,0,44,0
Semi Ajayi,West-Bromwich-Albion,Defender,Nigeria,26,0,0,0,0,0,2,3,1,1,0,54,0,0,5,0
Conor Townsend,West-Bromwich-Albion,Defender,England,27,0,0,0,0,0,0,0,0,0,0,0,0,0,0,0
Ahmed Hegazi,West-Bromwich-Albion,Defender,Egypt,29,2,0,10,58,0,60,270,192,103,0,1186,0,1,135,0
Dara O'Shea,West-Bromwich-Albion,Defender,Ireland,21,0,0,0,8,0,1,6,12,3,0,79,0,0,13,0
C?dric Kipr?,West-Bromwich-Albion,Defender,Cote D'Ivoire,23,0,0,0,0,0,0,0,0,0,0,0,0,0,0,0
Lee Peltier,West-Bromwich-Albion,Defender,England,33,0,0,5,39,0,18,53,78,30,0,342,0,0,21,0
Branislav Ivanovic,West-Bromwich-Albion,Defender,Serbia,36,22,0,86,528,40,393,1137,1427,587,20,9871,20,12,660,0
Jake Livermore,West-Bromwich-Albion,Midfielder,England,30,7,32,0,363,41,227,164,633,108,9,6813,11,20,482,0
Matt Phillips,West-Bromwich-Albion,Midfielder,Scotland,29,10,39,0,100,40,70,83,435,114,22,1831,23,9,60,0
Kamil Grosicki,West-Bromwich-Albion,Midfielder,Poland,32,0,7,0,4,4,8,6,21,1,4,251,5,0,1,0
Rekeem Harper,West-Bromwich-Albion,Midfielder,England,20,0,0,0,1,0,1,0,2,0,0,18,0,0,2,0
Romaine Sawyers,West-Bromwich-Albion,Midfielder,Saint Kitts And Nevis,28,0,0,0,2,0,2,1,6,2,0,63,0,0,3,0
Sam Field,West-Bromwich-Albion,Midfielder,England,22,1,1,0,21,4,15,9,47,12,0,275,0,0,17,0
Kyle Edwards,West-Bromwich-Albion,Midfielder,England,22,0,0,0,2,1,0,0,0,0,0,11,0,0,0,0
Grady Diangana,West-Bromwich-Albion,Midfielder,England,22,1,5,0,23,3,4,5,72,9,1,298,3,0,4,0
Conor Gallagher,West-Bromwich-Albion,Midfielder,England,20,0,0,0,0,0,0,0,0,0,0,0,0,0,0,0
Hal Robson-Kanu,West-Bromwich-Albion,Forward,Wales,31,12,28,0,21,17,29,34,0,0,3,682,2,0,0,0
Kenneth Zohore,West-Bromwich-Albion,Forward,Denmark,26,1,8,0,3,4,2,5,0,0,1,136,1,0,0,0
Matheus Pereira,West-Bromwich-Albion,Forward,Brazil,24,1,2,0,1,1,3,2,0,0,1,56,0,0,0,0
Charlie Austin,West-Bromwich-Albion,Forward,England,31,34,106,0,62,78,17,84,0,0,8,1500,7,0,0,0
Callum Robinson,West-Bromwich-Albion,Forward,Ireland,25,1,5,0,7,3,7,3,0,0,1,190,2,0,0,0
Jamie Soule,West-Bromwich-Albion,Forward,England,19,0,0,0,0,0,0,0,0,0,0,0,0,0,0,0
Lukasz Fabianski,West-Ham-United,Goalkeeper,Poland,35,0,0,63,0,0,0,0,0,0,2,6328,0,0,1895,807
David Martin,West-Ham-United,Goalkeeper,England,34,0,0,2,0,0,0,0,0,0,0,111,0,0,40,15
Darren Randolph,West-Ham-United,Goalkeeper,Ireland,33,0,0,6,0,0,0,0,0,0,0,839,0,0,309,85
Nathan Trott,West-Ham-United,Goalkeeper,England,21,0,0,0,0,0,0,0,0,0,0,0,0,0,0,0
Aaron Cresswell,West-Ham-United,Defender,England,30,8,0,40,212,28,230,515,645,260,18,6957,27,6,506,0
Fabi?n Balbuena,West-Ham-United,Defender,Paraguay,29,2,0,8,57,5,79,243,188,124,0,1335,1,2,86,0
Gon?alo Cardoso,West-Ham-United,Defender,Portugal,19,0,0,0,0,0,0,0,0,0,0,0,0,0,0,0
Angelo Ogbonna,West-Ham-United,Defender,Italy,32,4,0,28,171,10,208,689,626,373,1,4633,2,3,342,0
Issa Diop,West-Ham-United,Defender,France,23,4,0,11,97,2,114,326,291,157,1,2212,3,0,107,0
Ryan Fredericks,West-Ham-United,Defender,England,27,1,0,9,122,4,41,109,234,59,4,1358,5,0,47,0
Arthur Masuaku,West-Ham-United,Defender,The Democratic Republic Of Congo,26,0,0,12,196,5,102,140,506,74,6,2578,7,4,128,0
Ben Johnson,West-Ham-United,Defender,England,20,0,0,0,9,0,4,13,18,7,0,135,0,0,6,0
Ajibola Alese,West-Ham-United,Defender,England,19,0,0,0,0,0,0,0,0,0,0,0,0,0,0,0
Harrison Ashby,West-Ham-United,Defender,Scotland,18,0,0,0,0,0,0,0,0,0,0,0,0,0,0,0
Felipe Anderson,West-Ham-United,Midfielder,Brazil,27,10,33,0,136,25,63,22,366,16,8,2567,14,27,127,0
Manuel Lanzini,West-Ham-United,Midfielder,Argentina,27,20,61,0,123,56,118,30,533,20,13,5096,18,24,136,0
Robert Snodgrass,West-Ham-United,Midfielder,Scotland,33,26,88,0,265,78,106,105,864,158,23,4715,35,36,135,0
Mark Noble,West-Ham-United,Midfielder,England,33,46,114,0,860,91,566,264,1607,99,35,17862,35,105,1484,0
Pablo Fornals,West-Ham-United,Midfielder,Spain,24,2,11,0,47,10,26,8,92,10,5,893,4,6,41,0
Jack Wilshere,West-Ham-United,Midfielder,England,28,8,50,0,217,43,153,53,926,59,18,7494,32,156,364,0
Declan Rice,West-Ham-United,Midfielder,England,21,3,14,0,254,15,160,180,489,141,3,3942,2,4,275,0
Josh Cullen,West-Ham-United,Midfielder,Ireland,24,0,0,0,0,0,2,1,0,0,0,4,0,0,0,0
Conor Coventry,West-Ham-United,Midfielder,Ireland,20,0,0,0,0,0,0,0,0,0,0,0,0,0,0,0
Michail Antonio,West-Ham-United,Forward,England,30,37,117,0,120,72,126,123,926,316,14,2689,21,17,117,0
Andriy Yarmolenko,West-Ham-United,Forward,Ukraine,30,7,17,0,18,8,8,7,0,0,1,626,7,0,0,0
Jarrod Bowen,West-Ham-United,Forward,England,23,1,7,0,24,14,19,4,0,0,4,328,4,0,0,0
S?bastien Haller,West-Ham-United,Forward,France,26,7,28,0,22,10,8,26,0,0,1,779,2,0,0,0
Xande Silva,West-Ham-United,Forward,Portugal,23,0,0,0,0,2,0,0,0,0,0,4,0,0,0,0
Emmanuel Longelo,West-Ham-United,Forward,England,19,0,0,0,0,0,0,0,0,0,0,0,0,0,0,0
Rui Patr?cio,Wolverhampton-Wanderers,Goalkeeper,Portugal,32,0,0,21,0,0,0,0,0,0,0,1530,0,0,550,195
John Ruddy,Wolverhampton-Wanderers,Goalkeeper,England,33,0,0,25,0,0,0,0,0,0,0,2580,0,0,736,389
Willy Boly,Wolverhampton-Wanderers,Defender,France,29,4,0,20,147,6,116,285,425,234,1,2779,5,2,129,0
Conor Coady,Wolverhampton-Wanderers,Defender,England,27,0,0,23,71,0,62,251,160,68,0,3617,2,7,545,0
Jonny,Wolverhampton-Wanderers,Defender,Spain,26,3,0,14,170,18,113,82,367,74,3,2162,3,2,53,0
R?ben Vinagre,Wolverhampton-Wanderers,Defender,Portugal,21,0,0,2,40,2,26,31,107,16,0,556,3,1,14,0
Maximilian Kilman,Wolverhampton-Wanderers,Defender,England,23,0,0,0,4,0,4,7,17,12,0,101,0,0,2,0
Oskar Buur,Wolverhampton-Wanderers,Defender,Denmark,22,0,0,0,0,0,0,0,1,1,0,14,0,0,0,0
Mar?al,Wolverhampton-Wanderers,Defender,Brazil,31,0,0,1,2,0,2,3,11,6,0,37,0,0,2,0
Ki-Jana Hoever,Wolverhampton-Wanderers,Defender,Netherlands,18,0,0,0,0,0,0,0,0,0,0,0,0,0,0,0
R?ben Neves,Wolverhampton-Wanderers,Midfielder,Portugal,23,6,26,0,139,55,131,77,263,60,5,4024,7,19,440,0
Daniel Podence,Wolverhampton-Wanderers,Midfielder,Portugal,24,1,3,0,7,4,2,1,28,0,2,143,4,2,6,0
Romain Sa?ss,Wolverhampton-Wanderers,Midfielder,Morocco,30,5,15,0,97,6,87,187,326,186,1,2453,4,1,208,0
Jo?o Moutinho,Wolverhampton-Wanderers,Midfielder,Portugal,34,2,9,0,210,10,91,59,340,43,14,3778,16,10,281,0
Leander Dendoncker,Wolverhampton-Wanderers,Midfielder,Belgium,25,6,15,0,124,6,61,92,328,158,0,1966,2,0,81,0
Vitinha,Wolverhampton-Wanderers,Midfielder,Portugal,20,0,0,0,0,0,0,0,1,0,0,5,0,0,0,0
Meritan Shabani,Wolverhampton-Wanderers,Midfielder,Germany,21,0,0,0,0,0,0,0,0,0,0,0,0,0,0,0
Pedro Neto,Wolverhampton-Wanderers,Forward,Portugal,20,3,6,0,11,7,9,3,0,0,4,399,5,0,0,0
Ra?l Jim?nez,Wolverhampton-Wanderers,Forward,Mexico,29,32,82,0,51,53,43,75,0,0,13,2108,26,0,0,0
Adama Traor?,Wolverhampton-Wanderers,Forward,Spain,24,5,21,0,86,26,27,26,0,0,12,1434,13,0,0,0
F?bio Silva,Wolverhampton-Wanderers,Forward,Portugal,18,0,0,0,0,0,0,0,0,0,0,1,0,0,0,0
Leonardo Campana,Wolverhampton-Wanderers,Forward,Ecuador,20,0,0,0,0,0,0,0,0,0,0,0,0,0,0,0
